City_ID,City,Country,Max Temp,Current Description,Lat,Lng,Hotel Name
1,Jardim,BR,83.59,few clouds,-21.48,-56.14,Estancia Hotel - Jardim MS
4,Atuona,PF,76.39,light rain,-9.8,-139.03,Hôtel Hiva Oa Hanakee Lodge
5,Rikitea,PF,72.66,clear sky,-23.12,-134.97,People ThankYou
8,Roald,NO,64.17,broken clouds,62.58,6.13,Flem Cabins
10,Bengkulu,ID,76.08,light rain,-3.8,102.27,Grage Hotel Bengkulu
11,Hilo,US,72.63,clear sky,19.73,-155.09,Hilo Hawaiian Hotel
12,Ouesso,CG,82.51,overcast clouds,1.61,16.05,ABENIE Hotel
13,Kapaa,US,79.12,scattered clouds,22.08,-159.32,Sheraton Kauai Coconut Beach Resort
15,Kieta,PG,74.5,light rain,-6.22,155.63,Uruna Bay Retreat
17,Saint-Philippe,RE,72.99,clear sky,-21.36,55.77,Le four à pain
20,Aleksandrov Gay,RU,78.51,overcast clouds,50.15,48.57,Gostinitsa
23,Jambi,ID,75.61,broken clouds,-1.6,103.62,ASTON Jambi Hotel & Conference Center
24,Vaini,TO,75.36,scattered clouds,-21.2,-175.2,Keleti Beach Resort
29,Pedernales,DO,83.7,overcast clouds,18.04,-71.74,Hotel Costa Marina
30,Badin,PK,86.88,clear sky,24.66,68.84,Sindh Al Sajjad Hotal Khoski Istop Badin
33,Saint George,US,72.79,scattered clouds,37.1,-113.58,Best Western Plus Abbey Inn
34,Bredasdorp,ZA,70.66,overcast clouds,-34.53,20.04,Bredasdorp Country Manor
35,Bilma,NE,102.22,few clouds,18.69,12.92,Expeditions Ténére voyages
37,Valle De Allende,MX,67.19,clear sky,26.93,-105.4,Hotel Meson de San Bartolome
38,Hermanus,ZA,67.8,overcast clouds,-34.42,19.23,Misty Waves Boutique Hotel
41,Alta Floresta,BR,82.22,smoke,-9.88,-56.09,Floresta Amazonica Hotel
42,Jamestown,US,68.72,overcast clouds,42.1,-79.24,Hampton Inn & Suites Jamestown
46,Puerto Ayora,EC,66.54,overcast clouds,-0.74,-90.35,Finch Bay Galapagos Hotel
48,San Quintin,MX,69.03,few clouds,30.48,-115.95,Don Eddie's Sport Fishing Center
49,Mount Isa,AU,71.37,clear sky,-20.73,139.5,ibis Styles Mt Isa Verona
52,El Fuerte,MX,78.73,scattered clouds,26.42,-108.62,Hotel Rio Vista
54,Hithadhoo,MV,82.0,few clouds,-0.6,73.08,Scoop Guest House
57,Hualahuises,MX,75.29,clear sky,24.88,-99.67,Cabaña hualahuises
58,Katsuura,JP,69.75,overcast clouds,35.13,140.3,Katsuura Hotel Mikazuki
61,Kruisfontein,ZA,71.92,few clouds,-34.0,24.73,Oyster Bay House Rental
62,San Cristobal,VE,68.18,overcast clouds,7.77,-72.22,Pirineos
67,Havelock,US,81.99,clear sky,34.88,-76.9,Sherwood Motel
68,Sao Filipe,CV,79.07,few clouds,14.9,-24.5,Hotel Xaguate
71,Kahului,US,78.84,scattered clouds,20.89,-156.47,Maui Seaside Hotel
72,Nichinan,JP,68.97,overcast clouds,31.6,131.37,Guest House Aki
73,Cape Town,ZA,73.81,clear sky,-33.93,18.42,Southern Sun Waterfront Cape Town
76,Ugoofaaru,MV,82.13,clear sky,5.67,73.0,Ungoofaaru Inn
77,Yueyang,CN,66.74,overcast clouds,29.33,113.09,Delong Fortune Hotel
82,Wum,CM,71.89,moderate rain,6.38,10.07,Beng Family Estate
84,Carnarvon,AU,66.04,clear sky,-24.87,113.63,Hospitality Carnarvon
85,Butaritari,KI,80.1,light rain,3.07,172.79,Isles Sunset Lodge
89,Arraial Do Cabo,BR,75.16,scattered clouds,-22.97,-42.03,Pousada Porto Praia
90,Bandarbeyla,SO,80.26,clear sky,9.49,50.81,JABIR HOTEL
91,Oskemen,KZ,66.16,clear sky,49.96,82.61,Dedeman Oskemen Tavros Hotel
92,Metro,ID,77.07,overcast clouds,-5.11,105.31,OYO 3177 Wisma Lintang
93,Port Elizabeth,ZA,68.31,clear sky,-33.92,25.57,39 On Nile Guest House
95,Cantagallo,CO,77.58,overcast clouds,7.38,-73.92,Apartahotel Altamira
96,Luxeuil-Les-Bains,FR,65.82,clear sky,47.82,6.36,Hôtel Cerise Luxeuil - Les Sources
98,Biltine,TD,97.7,scattered clouds,14.53,20.92,Hôtel Trois Étoiles de Biltine
99,Victoria,HK,84.33,broken clouds,22.29,114.16,Mini Central
100,Georgetown,MY,82.33,light rain,5.41,100.34,Cititel Penang
101,Lasa,IT,67.08,few clouds,46.62,10.7,Pension Feldgärtenhof
102,Rincon,US,78.85,clear sky,32.3,-81.24,Days Inn Rincon
103,Nadadores,MX,78.24,clear sky,27.05,-101.6,Hacienda Las Catalinas
104,Kathu,TH,85.69,heavy intensity rain,7.92,98.33,Novotel Phuket Resort
107,Bethel,US,69.01,clear sky,41.37,-73.41,Courtyard by Marriott Danbury
108,Dingle,PH,76.44,light rain,11.0,122.67,SEGAYA PROPERTY
109,Palmer,US,66.49,scattered clouds,42.16,-72.33,Wedgewood Motel
111,Namibe,AO,75.83,clear sky,-15.2,12.15,Hotel Chik Chik Namibe
112,Marzuq,YE,88.79,broken clouds,14.4,46.47,حيد القفلة
114,Sur,OM,86.76,clear sky,22.57,59.53,Sur Plaza Hotel
115,Alice Springs,AU,60.22,clear sky,-23.7,133.88,Desert Palms Alice Springs
117,Acapulco,MX,76.66,overcast clouds,16.86,-99.89,HS Hotsson Smart Acapulco
118,Kudahuvadhoo,MV,82.29,clear sky,2.67,72.89,Kudahuvadhoo Retreat
119,Tullamore,IE,65.5,overcast clouds,53.27,-7.49,Bridge House Hotel
120,Tahta,EG,94.5,clear sky,26.77,31.5,shady waheed
122,Komsomolskiy,UZ,83.12,broken clouds,40.43,71.72,Ikathouse
123,Tarakan,ID,74.7,few clouds,3.3,117.63,RedDoorz Syariah near Taman Berlabuh Tarakan
124,Bambous Virieux,MU,73.65,broken clouds,-20.34,57.76,Casa Tia Villa
126,Mathathane,BW,70.52,broken clouds,-22.27,28.75,Selepswe Resort
129,Colesberg,ZA,64.67,clear sky,-30.72,25.1,Bhelekazi Guesthouse
130,East London,ZA,67.14,few clouds,-33.02,27.91,Tu Casa
131,Cabo San Lucas,MX,79.52,few clouds,22.89,-109.91,Hotel Tesoro Los Cabos
134,Innisfail,AU,73.29,overcast clouds,-17.53,146.03,Moondarra Motel
135,Karratha,AU,73.27,clear sky,-20.74,116.85,ibis Styles Karratha
137,Grand Gaube,MU,73.8,clear sky,-20.01,57.66,Veranda Paul et Virginie Hotel & Spa
138,Pitimbu,BR,82.99,few clouds,-7.47,-34.81,Reserva do Abiaí
139,Kavieng,PG,81.9,overcast clouds,-2.57,150.8,Nusa Island Retreat
141,Halifax,CA,65.68,mist,44.65,-63.57,Hotel Halifax
142,Port Alfred,ZA,67.17,clear sky,-33.59,26.89,The Halyards Hotel
143,Gat,IL,81.79,clear sky,31.61,34.76,OlusHome
144,Vilhena,BR,84.42,clear sky,-12.74,-60.15,Hotel Mirage
146,Biak,ID,76.46,few clouds,-0.91,122.88,Penginapan Kim
151,Mahajanga,MG,91.42,few clouds,-15.72,46.32,Hôtel Restaurant Gourmand Coco Lodge Majunga
153,Caravelas,BR,79.93,overcast clouds,-17.71,-39.25,Pousada dos Navegantes
155,Fort Collins,US,62.82,few clouds,40.59,-105.08,Best Western University Inn
157,Tarauaca,BR,84.92,broken clouds,-8.16,-70.77,Flat Temporada
158,Teluk Nibung,ID,76.59,overcast clouds,3.0,99.82,Tim kalilawar
161,Kotri,PK,88.14,clear sky,25.37,68.31,Drivers Running Room
163,Stephenville,US,81.16,clear sky,32.22,-98.2,La Quinta Inn & Suites by Wyndham Stephenville
165,San Patricio,US,83.89,clear sky,28.02,-97.52,"Motel 6 Sinton, TX"
166,Flinders,AU,63.37,light rain,-34.58,150.86,Shellharbour Resort & Conference Centre
169,Isangel,VU,74.19,clear sky,-19.55,169.27,Tanna Lodge
172,Inyonga,TZ,92.66,broken clouds,-6.72,32.07,Eden Rock Lodge
173,Ponta Do Sol,PT,81.23,scattered clouds,32.67,-17.1,Hotel do Campo
174,Hirara,JP,79.07,few clouds,24.8,125.28,Hotel Atoll Emerald Miyakojima
176,Sulangan,PH,84.4,moderate rain,11.14,123.72,Maia's Beach Resort
178,Independencia,BR,92.82,clear sky,-5.4,-40.31,Pousada Santa Cruz
179,Yulara,AU,63.93,clear sky,-25.24,130.99,Desert Gardens Hotel - Ayers Rock Resort
181,Sibolga,ID,76.32,heavy intensity rain,1.74,98.78,Hotel Syariah CN Darussalam
182,Itaguai,BR,78.42,broken clouds,-22.85,-43.78,It Grande Hotel Itaguai
183,Husainabad,IN,80.08,scattered clouds,24.53,84.02,Mehdinager
184,Greenfield,US,75.6,broken clouds,42.96,-88.01,Brewtown Eatery Bar & Grill
187,Mahebourg,MU,73.69,broken clouds,-20.41,57.7,Shandrani Beachcomber Resort & Spa
191,Saint-Georges,GD,82.08,broken clouds,12.06,-61.75,Radisson Grenada Beach Resort
192,Coari,BR,92.61,few clouds,-4.08,-63.14,Dellrey Hotel Center
194,Santa Cruz,BO,72.86,broken clouds,-17.8,-63.17,Hotel California
195,Talara,PE,65.16,clear sky,-4.58,-81.27,Hostal Oro Negro
196,Hamilton,US,78.82,clear sky,39.18,-84.53,Six Acres Bed & Breakfast
198,Panzhihua,CN,71.33,overcast clouds,26.59,101.71,Electric Power Hotel
200,Pizarro,CO,78.98,overcast clouds,4.95,-77.37,"Playa Pizarro, Bajo Baudó, Chocó, Colombia"
201,Imbituba,BR,68.86,clear sky,-28.24,-48.67,Praia Hotel Imbituba
205,Alappuzha,IN,79.81,clear sky,9.49,76.33,Panoramic Sea Resort
206,Muroto,JP,71.6,overcast clouds,33.28,134.15,Oota Ryokan
207,Cockburn Town,TC,82.49,overcast clouds,21.46,-71.14,Osprey Beach Hotel
208,Oistins,BB,84.29,scattered clouds,13.07,-59.53,Butterfly Beach Hotel
209,Esperance,AU,60.55,clear sky,-33.87,121.9,Hospitality Esperance
210,Kirkuk,IQ,99.73,overcast clouds,35.47,44.39,فندق التأميم السياحي
211,Gizo,SB,76.78,light rain,-8.1,156.84,Imagination Island
212,Nueva Guinea,NI,77.79,scattered clouds,11.69,-84.46,Posadita La Reyna
213,Mecca,SA,98.46,clear sky,21.43,39.83,"Makkah Clock Royal Tower, A Fairmont Hotel"
215,Port Hedland,AU,68.05,clear sky,-20.32,118.57,The Esplanade Hotel
216,San Angelo,US,77.29,clear sky,31.46,-100.44,"Motel 6 San Angelo, TX"
217,Port Macquarie,AU,63.9,overcast clouds,-31.43,152.92,Rydges Port Macquarie
218,Houma,US,82.0,clear sky,29.6,-90.72,Courtyard by Marriott Houma
223,Ribeira Grande,PT,77.4,few clouds,38.52,-28.7,Quinta da Meia Eira
224,Alugan,PH,78.78,light rain,12.22,125.48,JM Lodge
225,Tubmanburg,LR,78.48,moderate rain,6.87,-10.82,LITTLE WAY GUEST HOUSE
227,Natitingou,BJ,82.22,light rain,10.3,1.38,Centre pastoral Nicolas OKIOH (CPNO)
230,Sao Joao Da Barra,BR,77.09,moderate rain,-21.64,-41.05,Pousada Porto De Canoas
232,Chiniot,PK,90.64,clear sky,31.72,72.98,Khayyam Hotel & Restaurant Chiniot
233,Waverley,ZA,74.32,light rain,-25.7,28.26,Aves Indigo Guesthouse
234,Balabac,PH,81.75,overcast clouds,7.99,117.06,Sing and Swing Lodge
235,Souillac,MU,73.78,broken clouds,-20.52,57.52,Bils' Villa
240,Naze,JP,74.32,light rain,28.37,129.48,Shishime Hotel
242,Khani,GE,65.77,light rain,41.96,42.96,კურორტი ზეკარი/Resort Zekari
243,Requena,ES,76.78,overcast clouds,39.49,-1.1,Hotel Avenida
244,Wilmington,US,82.89,clear sky,34.23,-77.94,"Hotel Ballast Wilmington, Tapestry Collection by Hilton"
248,Potsdam,DE,64.87,broken clouds,52.4,13.07,Dorint Hotel Sanssouci Berlin/Potsdam
249,Manggar,ID,81.43,overcast clouds,-2.88,108.27,Guest Hotel
250,Pombas,CV,83.98,scattered clouds,17.15,-25.02,Paul Paradis
252,Butte,US,60.82,overcast clouds,39.65,-121.57,Meadowbrook Oaks Mobile Home Park
253,Maragogi,BR,81.45,scattered clouds,-9.01,-35.22,Salinas do Maragogi All Inclusive Resort
254,Baniachang,BD,79.21,broken clouds,24.52,91.37,Baniyachong Dak Banglo
255,Entebbe,UG,77.5,light rain,0.06,32.45,WB APARTMENT
256,Tuban,ID,80.85,overcast clouds,-6.9,112.06,Hotel Mustika
258,New Milford,US,73.09,clear sky,40.93,-74.02,Courtyard by Marriott Paramus
260,Tsagan Aman,RU,79.75,broken clouds,47.56,46.72,Tirupathi
263,Mwinilunga,ZM,74.19,broken clouds,-11.74,24.43,Kwakuwahi Lodge
265,Erzurum,TR,73.08,overcast clouds,40.0,41.5,Saksi Koyu Muhtarligi
266,Cap Malheureux,MU,73.47,clear sky,-19.98,57.61,Pereybere Hotel & Spa
267,Weligama,LK,79.27,clear sky,5.97,80.42,Weligama Bay Resort
268,Kaoma,ZM,90.73,broken clouds,-14.78,24.8,KAOMA AIRPORT
270,Cayenne,GF,86.04,broken clouds,4.93,-52.33,Hôtel Le Dronmi
271,Nampula,MZ,87.75,scattered clouds,-15.12,39.27,Tacab Residencial
272,Letnik,RU,65.73,overcast clouds,46.01,41.27,Na Cherkasskom Trakte Basa Otdykha
273,Buchanan,LR,79.41,light rain,5.88,-10.05,Kamaneahn Hotel Inc
274,Hasaki,JP,66.6,overcast clouds,35.73,140.83,Inubosaki Kanko Hotel
275,Khash,IR,84.29,clear sky,28.22,61.22,دفتر پیشخوان دولت جمال زهی (خالد)
277,Yenagoa,NG,82.06,light rain,4.92,6.26,Aridolf Resort Wellness and Spa
278,Santa Comba,ES,81.68,scattered clouds,43.03,-8.81,Hotel Xallas
280,Aberdeen,GB,70.48,few clouds,57.14,-2.1,Premier Inn Aberdeen City Centre hotel
281,Marawi,PH,69.31,light rain,8.0,124.29,Derogongan Residence
282,Avarua,CK,73.45,broken clouds,-21.21,-159.78,Paradise Inn
283,Baghdad,IQ,102.11,broken clouds,33.34,44.4,Baghdad Hotel
284,Mangan,IN,73.89,broken clouds,27.52,88.53,Hotel Mout View
285,Diglur,IN,74.82,light rain,18.55,77.6,Khateeb cottage
286,Sarakhs,IR,85.55,clear sky,36.54,61.16,پیرایش امیرحسین
289,Voh,NC,69.53,clear sky,-20.97,164.7,Le gîte du Koniambo
290,Mapiripan,CO,83.19,moderate rain,2.89,-72.13,Monserrate
291,Buluang,PH,77.85,overcast clouds,13.31,123.34,Sacueza Beach Resort
292,Port Blair,IN,78.84,mist,11.67,92.75,"Welcomhotel By ITC Hotels, Bay Island, Port Blair"
294,Mackay,AU,74.68,broken clouds,-21.15,149.2,International Lodge Motel
296,Omboue,GA,80.73,overcast clouds,-1.57,9.26,Hotel Olako
298,Asau,RO,60.28,overcast clouds,46.43,26.4,Casa Mika Ciobanus
299,Lebowakgomo,ZA,65.3,overcast clouds,-24.2,29.5,Chuene Resort
301,Atar,MR,104.43,broken clouds,20.52,-13.05,Oumou Elghoura
302,Mahanoro,MG,73.15,clear sky,-19.9,48.8,BUNGALOW MAHAMANINA
303,Salvador,SV,72.05,overcast clouds,13.83,-88.92,Chico's Ranch
304,Margate,GB,64.69,scattered clouds,51.38,1.39,Premier Inn Margate hotel
305,Volchikha,RU,63.91,clear sky,52.03,80.38,Gostinitsa
306,Awjilah,LY,106.5,clear sky,29.11,21.29,المنزل
307,Balkanabat,TM,92.68,clear sky,39.51,54.37,Nebitchi Hotel
309,Guaruja,BR,70.9,overcast clouds,-23.99,-46.26,Charme Hotel Guarujá
310,Lagoa,PT,73.83,broken clouds,39.05,-27.98,Casa Das Faias
311,Huejuquilla El Alto,MX,61.61,clear sky,22.6,-103.87,Hotel Huexuquillan
312,Atherton,GB,66.06,overcast clouds,53.52,-2.49,The Mercury Motel
313,Macultepec,MX,76.08,broken clouds,18.17,-92.83,La guadalupana
314,Ray,IN,79.57,broken clouds,23.68,85.05,Bablu Cake Corner
317,Port Shepstone,ZA,63.63,scattered clouds,-30.74,30.46,My Den Beachfront Bed and Breakfast | Self-Catering
318,Cidreira,BR,64.54,overcast clouds,-30.18,-50.21,Hotel Castelo
320,Kushima,JP,67.23,overcast clouds,31.46,131.23,Hanaoka
321,Bedele,ET,67.08,light rain,8.46,36.35,Central Hotel
322,Butembo,CD,71.64,light rain,0.15,29.28,Hotel Butembo
323,Waddan,LY,105.64,clear sky,29.16,16.14,محل الشريف محمد العايب
324,Road Town,VG,84.24,broken clouds,18.42,-64.62,"ZINGARA 76ft Catamaran, full crew-all included"
325,Saldanha,ZA,80.65,scattered clouds,-33.01,17.94,Blue Bay Lodge
326,San Blas,MX,78.76,scattered clouds,21.52,-105.27,Hotel Posada del Rey
328,Padang,ID,75.25,light rain,-0.95,100.35,Mercure Padang
329,Tabou,CI,80.65,broken clouds,4.42,-7.35,hotêl doufoulougou
331,Cabinda,AO,82.54,scattered clouds,-5.55,12.2,Hotel Maiombe
332,Gazli,UZ,87.33,clear sky,40.13,63.45,UTG Uy-joy kommunal xoʻjaligi
335,Vila,PT,77.7,clear sky,42.03,-8.16,Hotel Castrum Villae by Walk Hotels
336,Russell,US,81.97,clear sky,32.35,-85.2,Macs
337,Jiaocheng,CN,74.34,scattered clouds,24.68,116.14,Changtan Tourism Resort
338,Faanui,PF,78.06,few clouds,-16.48,-151.75,Bora-Bora Pearl Beach Resort & Spa
340,Buala,SB,74.41,moderate rain,-8.14,159.59,Maringe Lagoon Lodge
341,Ambon,ID,79.23,few clouds,-3.7,128.18,Swiss-Belhotel Ambon
343,Gushikawa,JP,78.03,clear sky,26.35,127.87,Kirari Guest House
345,Ciudad Bolivar,VE,84.97,overcast clouds,8.12,-63.55,Hotel Edi
346,Nacala,MZ,81.72,broken clouds,-14.54,40.67,Nacala Plaza Business Design Hotel
347,Salalah,OM,80.56,overcast clouds,17.02,54.09,"HAMDAN PLAZA HOTEL SALALAH, an HTG Hotel"
349,Mujiayingzi,CN,61.81,clear sky,42.12,118.78,Jinjiang Hotel
350,Half Moon Bay,US,63.25,moderate rain,37.46,-122.43,"The Ritz-Carlton, Half Moon Bay"
353,Nara,JP,69.49,overcast clouds,34.69,135.8,Hotel Nikko Nara
354,Hambantota,LK,86.34,few clouds,6.12,81.12,Bungalow 63
355,Belmonte,BR,79.38,scattered clouds,-15.86,-38.88,Pousada Monte Carmelo O Pão
356,Raudeberg,NO,61.95,overcast clouds,61.99,5.14,Nordre Silda.
360,Kargasok,RU,63.34,overcast clouds,59.06,80.86,Hotel Kargasok
362,Lorengau,PG,79.56,broken clouds,-2.02,147.27,Lorengau Harbourside Hotel
364,Suksun,RU,60.66,broken clouds,57.14,57.39,Island Relax
366,Oxapampa,PE,69.76,overcast clouds,-10.58,-75.4,Hotel Heidinger
367,Pisco,PE,62.02,overcast clouds,-13.7,-76.22,Hotel San Isidro Oficial
368,La Rioja,ES,69.58,clear sky,42.25,-2.5,Casa Concejos
369,Buraydah,SA,106.25,broken clouds,26.33,43.98,Mövenpick Qassim
370,Bisho,ZA,66.94,clear sky,-32.85,27.44,RUACH MANOR
372,Tautira,PF,76.64,light rain,-17.73,-149.15,Pension Oaoa
373,Jatiroto,ID,75.25,overcast clouds,-7.88,111.12,Nurrin's hometown
377,Banes,CU,85.84,broken clouds,20.96,-75.72,Hostal Iván y yailet
380,Fare,PF,78.46,clear sky,-16.7,-151.02,Maitai Lapita Village Huahine
381,Ravar,IR,86.63,clear sky,31.27,56.81,computertik
383,Broome,US,67.68,scattered clouds,42.25,-75.83,Chenango Valley State Park
384,Sorong,ID,79.07,light rain,-0.88,131.25,Waigo Splash Hotel
385,Bantry,IE,61.79,broken clouds,51.68,-9.45,The Maritime Hotel
388,Tweed,CA,65.86,broken clouds,44.48,-77.32,Stoco Lake Lodge
389,Chapleau,CA,62.69,broken clouds,47.84,-83.4,Nemegosenda Lake Lodge
390,Berbera,SO,92.34,clear sky,10.44,45.01,Damal Hotel
391,Cuyo,PH,83.53,overcast clouds,10.85,121.01,Jarnchi Pension House
392,Siderno,IT,73.08,overcast clouds,38.28,16.3,Grand Hotel President
393,Kloulklubed,PW,84.0,scattered clouds,7.04,134.26,Storyboard Beach Resort
397,Palpa,PE,68.34,scattered clouds,-14.53,-75.19,Palpa Lines
399,Lingao,CN,79.54,broken clouds,19.91,109.69,Lingao Ditai Inn
400,Sirjan,IR,81.48,scattered clouds,29.45,55.68,هتل عطرسیب سیرجان
402,Vanimo,PG,76.46,broken clouds,-2.67,141.3,Vahmoneh Lodge Vanimo
403,Southbridge,US,64.63,overcast clouds,42.08,-72.03,Southbridge Hotel & Conference Center
406,Nhulunbuy,AU,77.61,clear sky,-12.23,136.77,East Arnhem Real Estate
410,Mercedes,AR,61.86,scattered clouds,-34.65,-59.43,Posada del Inti Centro
413,Ilovlya,RU,71.26,overcast clouds,49.3,43.98,"Tri Sosny, Baza Otdykha"
414,Dali,CN,62.56,broken clouds,25.7,100.18,Dali Travelling With Hostel
415,Teknaf,BD,80.64,few clouds,20.86,92.31,Shilbania para
417,Altay,CN,60.01,clear sky,47.87,88.12,Jinqiao Hotel
418,Jiayuguan,CN,61.9,few clouds,39.82,98.3,Jiugang Hotel - Jiayuguan
419,Abu Dhabi,AE,93.96,clear sky,24.47,54.37,Beach Rotana
420,Sydney,AU,64.71,light rain,-33.87,151.21,QT Sydney
421,Moroni,KM,75.27,light rain,-11.7,43.26,Hotel Les Arcades
422,Council Bluffs,US,66.02,few clouds,41.26,-95.86,"Holiday Inn Express & Suites Council Bluffs - Conv Ctr Area, an IHG Hotel"
423,Sisophon,KH,77.54,overcast clouds,13.59,102.97,Pyramid Hotel
424,Plettenberg Bay,ZA,65.64,overcast clouds,-34.05,23.37,Thanda Vista B&B
425,Guatire,VE,86.68,overcast clouds,10.48,-66.54,Parque Residencial Canaima I
426,Patrocinio,BR,85.5,clear sky,-18.94,-46.99,Guines Palace Hotel 34-99816-3311
427,Quatre Cocos,MU,73.09,scattered clouds,-20.21,57.76,Sunrise Attitude Hotel
428,Hargeysa,SO,87.76,broken clouds,9.56,44.06,Deero Hotel Hargeisa
430,Miguel Calmon,BR,85.41,clear sky,-11.43,-40.6,Pousada Guiomar
432,Krasnyy Gulyay,RU,60.01,overcast clouds,54.03,48.33,Dostupnyy Dom
434,Payo,ID,74.21,overcast clouds,-3.75,103.64,Mess keban agung
437,Nicoya,CR,78.28,scattered clouds,10.15,-85.45,Las Cabinas Del Sueño
438,Angoche,MZ,79.29,clear sky,-16.23,39.91,Guest House HESADA
439,Sambava,MG,74.1,overcast clouds,-14.27,50.17,Melrose
440,Jabinyanah,TN,85.53,broken clouds,35.03,10.91,maison belmabrouk
442,Konin,PL,60.75,overcast clouds,52.22,18.25,POKOJE GOŚCINNE
444,Camopi,GF,90.39,few clouds,3.17,-52.32,La pousada
445,Pokaran,IN,96.15,clear sky,26.92,71.92,Motel Pokaran - RTDC
446,Zhangye,CN,66.22,scattered clouds,38.93,100.45,Zhangye Lvzhou Holiday Inn
449,Saint-Paul,RE,73.51,scattered clouds,-21.01,55.27,Boucan Canot
450,Bairiki,KI,80.17,light rain,1.33,172.98,Tarawa Boutique Hotel
451,Cartagena Del Chaira,CO,82.47,broken clouds,1.33,-74.84,HOTEL LA ROCA
452,Vila Velha,BR,79.95,overcast clouds,-20.33,-40.29,Hotel Vitória Palace
453,Langsa,ID,74.21,light rain,4.47,97.97,OYO 3328 Hotel Mori
454,Faya,SA,71.98,scattered clouds,18.39,42.45,أبو تركي للوحدات السكنيه
456,Byron Bay,AU,64.94,light rain,-28.65,153.62,Backpackers Inn
457,Itarema,BR,87.28,few clouds,-2.92,-39.92,"Sea Lounge! Bar, Club & Restaurant"
458,Jalalabad,AF,84.38,clear sky,34.43,70.45,انصاف چهاردهي هوټل
460,Cam Ranh,VN,76.96,scattered clouds,11.92,109.16,OYO 598 Peony Hotel
462,Jiangyou,CN,67.66,overcast clouds,31.77,104.72,Shangping Shuyuan Inn
463,Progreso,MX,82.11,clear sky,21.28,-89.67,Playa Linda Hotel
464,Zhob,PK,84.0,clear sky,31.34,69.45,Cooperative office zhob
466,Wenling,CN,69.3,overcast clouds,28.37,121.36,Hanting Express Wenling Wanchang North Road
467,Tetouan,MA,80.91,scattered clouds,35.57,-5.37,Athens Hôtel
469,Huarmey,PE,64.02,overcast clouds,-10.07,-78.15,Hotel Miramar
470,Hualmay,PE,62.74,broken clouds,-11.1,-77.61,Hotel Restaurant Turístico Casablanca
473,Korla,CN,78.42,overcast clouds,41.76,86.15,Gulisitan Hotel
474,Ayagoz,KZ,64.26,clear sky,47.97,80.44,ХАН
479,Dayong,CN,71.42,clear sky,25.02,118.29,Haiyue Express Hotel
480,Olinda,BR,81.54,few clouds,-8.01,-34.86,Hotel 5 Sóis
481,Shakawe,BW,90.99,clear sky,-18.37,21.85,Ditlhapi Guest House
484,Vao,NC,72.25,overcast clouds,-22.67,167.48,Hotel Kou-Bugny
485,Feira De Santana,BR,85.53,scattered clouds,-12.27,-38.97,Hotel Paraiso
486,Aksu,CN,78.39,overcast clouds,41.12,80.26,Pudong Holiday Hotel
487,Jumla,NP,61.81,overcast clouds,29.27,82.18,Hotel Sundar Rara Karnali
488,Alofi,NU,76.06,overcast clouds,-19.06,-169.92,Taloa Heights
491,Tabas,IR,91.94,clear sky,33.6,56.92,مهمانسرای مخابرات طبس
492,Los Llanos De Aridane,ES,78.55,scattered clouds,28.66,-17.92,Valle Aridane
496,San Ramon,US,61.83,light rain,37.78,-121.98,San Ramon Marriott
497,Bathsheba,BB,82.58,broken clouds,13.22,-59.52,Atlantis Hotel
499,Alyangula,AU,77.43,clear sky,-13.85,136.42,Groote Eylandt Lodge
502,Acajutla,SV,79.63,overcast clouds,13.59,-89.83,Urbanización Brisas de Acajutla II
503,Shaowu,CN,71.33,few clouds,27.34,117.48,Yijie Express Hotel
505,Samarai,PG,80.2,overcast clouds,-10.62,150.67,Nuli Sapi
506,Falun,SE,62.94,overcast clouds,60.6,15.63,First Hotel Grand
509,Yokadouma,CM,76.8,moderate rain,3.52,15.05,Hôtel De Ville De Yokadouma
510,Kismayo,SO,79.75,overcast clouds,-0.36,42.55,Agan-Hotel
511,Kiama,AU,63.57,heavy intensity rain,-34.68,150.87,The Sebel Kiama Harbourside
515,Bubaque,GW,81.68,overcast clouds,11.28,-15.83,"Casa Dora, Bubaque"
516,Payakumbuh,ID,70.93,heavy intensity rain,-0.22,100.63,Dalimo Homestay
517,Tezu,IN,75.87,overcast clouds,27.92,96.17,Circuit House
519,Awbari,LY,103.21,clear sky,26.59,12.78,فندق أوباري
520,Fukue,JP,72.97,overcast clouds,32.69,128.84,Goto Guesthouse Utojuku & SA Car Rental
525,Zhanakorgan,KZ,81.16,clear sky,43.91,67.25,"""Ақпалас"" қонақ үйі"
526,Harper,LR,80.71,broken clouds,4.38,-7.72,Screensaver
527,Bor,RU,60.73,broken clouds,56.36,44.07,Oktyabrskaya Hotel
528,Westport,US,71.89,clear sky,41.14,-73.36,The Westport Inn
529,Esna,EG,96.94,clear sky,25.29,32.55,Orient Star Dahabyia Isna 05 Nights Each Sunday
530,Ntungamo,UG,78.82,broken clouds,-0.88,29.65,The Crested Crane Bwindi Hotel
532,Macenta,GN,74.08,moderate rain,8.54,-9.47,Hôtel Safrik
533,Kemin,KG,63.91,overcast clouds,42.78,75.69,Hotel Kok-Oirok
536,Tottori,JP,62.44,overcast clouds,35.5,134.23,Hotel Monarque Tottori
537,Katobu,ID,74.95,scattered clouds,-4.94,122.53,La Ode Husein
538,Kavaratti,IN,81.27,scattered clouds,10.57,72.64,Dharul Hudha
539,Iracoubo,GF,85.57,broken clouds,5.48,-53.2,Le Gîte d’Iracoubo
541,Hefei,CN,67.44,broken clouds,31.86,117.28,Jinhuan Hotel
542,Meadow Lake,US,69.49,few clouds,34.8,-106.54,TumbleWeed RV Park
543,Kihei,US,78.84,few clouds,20.78,-156.47,Maui Sunset
544,Cururupu,BR,82.11,overcast clouds,-1.83,-44.87,POUSADA TRAVÉS'CIA
545,Dwarka,IN,81.55,scattered clouds,22.24,68.97,Hotel Narayan Avezika Comfort
547,Muros,ES,71.02,overcast clouds,42.78,-9.06,Apartment Av. Castelao
549,Bloomingdale,US,84.11,overcast clouds,27.89,-82.24,Travel Club for Free
551,Honghu,CN,67.05,overcast clouds,29.82,113.46,文泉花园酒店
552,Mawlaik,MM,76.82,overcast clouds,23.63,94.42,AKZ Guest House
553,Ardee,IE,64.81,overcast clouds,53.86,-6.54,Woodview B&B
554,Panlaitan,PH,80.58,heavy intensity rain,12.12,119.85,SOUTH BEACH
557,Braganca,BR,87.6,overcast clouds,-1.05,-46.77,Marujo's Suíte Hotel
559,Abu Kamal,SY,93.83,clear sky,34.45,40.92,البوكمال
561,Makakilo City,US,77.32,broken clouds,21.35,-158.09,Marriott's Ko Olina Beach Club
562,Hobyo,SO,79.25,clear sky,5.35,48.53,Halane Hotel and Restaurent
564,Garmsar,IR,92.93,clear sky,35.22,52.34,مجتمع مرصاد
565,Binga,ZW,91.76,clear sky,-17.62,27.34,Lakeview Inn Binga
567,Atbasar,KZ,69.51,clear sky,51.8,68.33,Гостиничный Комплекс Saad
569,The Valley,AI,87.82,few clouds,18.22,-63.06,CeBlue Villas & Beach Resort
571,Goya,AR,61.36,overcast clouds,-29.14,-59.26,Apart Costanera Goya
572,Kamariotissa,GR,66.61,overcast clouds,40.48,25.47,Niki Beach
573,Ambulu,ID,75.76,broken clouds,-8.35,113.61,Hotel Ambulu Jember
574,Itapirapua,BR,98.35,few clouds,-15.82,-50.61,Hotel Nossa Senhora Aparecida
575,La Libertad,EC,71.26,overcast clouds,-2.23,-80.9,Playa Canela Hotel Boutique
576,Scarborough,GB,65.79,broken clouds,54.28,-0.4,The Grand Hotel Scarborough
579,Sungairaya,ID,78.64,light rain,0.7,108.9,Rumah Kuku Moimoi Shelly
581,Surab,PK,77.11,clear sky,28.49,66.26,Bismillah Hotel
582,Labuhan,ID,81.14,overcast clouds,-6.88,112.21,DoubleFAG
583,Iberia,US,81.05,clear sky,29.95,-91.75,back to back rv park
584,Gotsu,JP,61.57,overcast clouds,35.0,132.22,Yurusato
586,Quelimane,MZ,82.87,clear sky,-17.88,36.89,Hotel Flamingo
587,Hue,VN,78.91,broken clouds,16.47,107.6,Saigon Morin Hotel
588,Charters Towers,AU,70.43,overcast clouds,-20.1,146.27,Cattleman's Rest Motor Inn
589,Huron,US,78.24,broken clouds,41.15,-82.55,Meadow Brook Mobile Estates
590,Inirida,CO,79.52,overcast clouds,3.87,-67.92,Fuente del Guania Hotel de Lujo
591,Nago,JP,72.03,few clouds,26.59,127.98,Hotel Yugaf Inn Okinawa
593,Vila Franca Do Campo,PT,75.61,broken clouds,37.72,-25.43,Pestana Bahia Praia
594,Taltal,CL,62.2,clear sky,-25.4,-70.48,Residencial Karime
596,Goderich,CA,71.91,broken clouds,43.75,-81.72,Harmony Inn
597,Varhaug,NO,60.35,broken clouds,58.61,5.65,Jonas Bue
598,Shimoda,JP,66.11,overcast clouds,34.67,138.95,Shimoda Tokyu Hotel
599,Khambhat,IN,84.9,broken clouds,22.3,72.62,Anand
602,San Jose,US,62.74,broken clouds,37.34,-121.9,The Westin San Jose
603,Hervey Bay,AU,68.76,scattered clouds,-25.3,152.85,Shelly Bay Resort
604,Sinnamary,GF,85.42,broken clouds,5.38,-52.95,ALETHEIA Appartement Sinnamary
605,Kathmandu,NP,73.62,scattered clouds,27.72,85.32,Hotel Shanker Kathmandu
606,Batemans Bay,AU,62.1,moderate rain,-35.72,150.18,Batemans Bay Marina Resort
607,Hami,CN,76.23,clear sky,42.8,93.45,Laoyutang Resort
609,Agua Prieta,MX,69.37,broken clouds,31.3,-109.57,Hotel Real de Agua Prieta
610,Mogadishu,SO,79.47,scattered clouds,2.04,45.34,Hotel Juba
615,Salem,IN,83.34,broken clouds,11.65,78.17,YMCA PROGRAM CENTRE
616,Prerov,CZ,62.51,light rain,49.46,17.45,Hotel Fit
618,Carai,BR,79.07,overcast clouds,-17.19,-41.69,Pousada Caraíba
619,Rionegro,CO,62.98,scattered clouds,6.16,-75.37,Stunning home in Rionegro w/ 5 Bedrooms and WiFi
621,Rumonge,BI,86.13,broken clouds,-3.97,29.44,Iratiro Tours
623,Touros,BR,84.24,clear sky,-5.2,-35.46,INN NEW HORIZON
629,Sao Raimundo Das Mangabeiras,BR,96.71,clear sky,-7.02,-45.48,Hotel Tropical
630,Shakiso,ET,74.12,scattered clouds,5.75,38.92,DH international Hotel
633,Emilio Carranza,MX,77.31,broken clouds,19.97,-96.61,hotel delicias
634,Batavia,US,80.58,clear sky,41.85,-88.31,Comfort Inn & Suites Geneva- West Chicago
635,Qujing,CN,61.07,overcast clouds,25.48,103.78,Yulong Hotel
636,Ambilobe,MG,84.88,broken clouds,-13.2,49.05,Hôtel & Restaurant DIANA Ambilobe
637,Sayyan,YE,73.38,overcast clouds,15.17,44.32,متنزه و بحيرة سيان
638,Damghan,IR,86.23,broken clouds,36.17,54.35,خوابگاه اساتيد دانشگاه دامغان
639,Guerrero Negro,MX,70.43,broken clouds,27.98,-114.06,"Casa Laguna, Bed & Breakfast"
640,Homestead,US,88.02,light intensity drizzle,25.47,-80.48,Best Western Gateway To The Keys
641,Sibu,MY,74.39,overcast clouds,2.3,111.82,RH HOTEL (4 Star)
642,Bressanone,IT,69.57,clear sky,46.72,11.66,Hotel Löwenhof
643,Navrongo,GH,85.55,overcast clouds,10.9,-1.09,Azakka Hotel
645,Xiamen,CN,81.25,few clouds,24.48,118.08,厦门马哥孛罗东方大酒店
646,Soyo,AO,76.82,overcast clouds,-6.13,12.37,Hospedaria ndozi'ame
647,Kinsale,IE,65.57,broken clouds,51.71,-8.53,Actons Hotel Kinsale
650,Banda Aceh,ID,80.11,overcast clouds,5.56,95.32,OYO 884 Rumoh PMI Hotel
651,Qui Nhon,VN,80.65,overcast clouds,13.77,109.23,Seagull Hotel
653,Huangpi,CN,64.6,overcast clouds,30.88,114.38,Xinxing Lidu Hotel
656,Mahenge,TZ,82.56,few clouds,-8.68,36.72,Mahenge ulanga
657,Punta Umbria,ES,78.24,scattered clouds,37.18,-6.97,Barceló Punta Umbría Beach Resort
658,Macherla,IN,81.7,overcast clouds,16.48,79.43,Krithik sheep and berasa kolla farm
659,Da Lat,VN,62.28,moderate rain,11.95,108.44,YK Home Villa Dalat
660,Batouri,CM,84.33,scattered clouds,4.43,14.37,Evêché Guest Houst
661,Guangshui,CN,62.78,overcast clouds,31.62,114.0,广水市雅瑞假日生态园
663,Boddam,GB,68.49,overcast clouds,57.47,-1.78,Palace Hotel
664,Marienburg,PL,60.85,overcast clouds,54.04,19.03,Hotel Centrum Malbork
667,Gobindpur,IN,78.66,broken clouds,22.63,86.07,Thakur Hotel
668,Natal,BR,86.65,broken clouds,-5.8,-35.21,Villa Park Hotel | Natal
671,Ixtapa,MX,77.23,overcast clouds,20.7,-105.2,hotel la terminal
672,Neiafu,TO,77.68,scattered clouds,-18.65,-173.98,Mystic Sands Beachfront Accommodation
673,Pipar,IN,89.38,scattered clouds,26.39,73.54,मा अम्बे ज्वेलर्स
674,Inhambane,MZ,77.52,overcast clouds,-23.86,35.38,Oceano
677,Concordia,AR,60.87,broken clouds,-31.39,-58.02,Palmar Hotel Casino
678,U Thong,TH,77.22,broken clouds,14.38,99.89,บ้านปิ่นสุข อู่ทอง ห้องพักรายเดือน
